{
    "type": "minecraft:crafting_shaped",
    "activ": "true",
    "pattern":
    [
        " p ",
        "pdp",
        " pk"
    ],
    "key":
    {
        "p":
        {
            "item": "minecraft:planks",
			"data": 32767
        },
        "d":
        {
            "item": "minecraft:dispenser"
        },
        "k":
        {
            "item": "minecraft:piston"
        }
    },
    "result":
    {
        "item": "switchbow:arrowdispenser",
        "count": 1
    }
}